41.51282051282051, 13.076923076923077, 0
23.666666666666668, -2.3076923076923075, 0
25.897435897435898, 19.230769230769234, 40
42.256410256410255, 33.07692307692308, 9
27.384615384615387, 46.92307692307693, 0
31.102564102564102, 23.846153846153847, 25
15.487179487179487, 0.76923076923077, 0
21.435897435897438, 28.461538461538467, 1
43.0, 45.38461538461539, 0
31.846153846153847, 6.923076923076923, 0
17.71794871794872, 20.76923076923077, 25
31.102564102564102, 34.61538461538462, 1
42.256410256410255, -8.461538461538462, 0
18.46153846153846, -3.846153846153846, 0
42.256410256410255, 20.76923076923077, 16
23.666666666666668, 26.923076923076927, 9
17.71794871794872, -6.923076923076923, 0
29.615384615384617, 50.0, 0
37.794871794871796, 19.230769230769234, 17
34.82051282051282, 42.307692307692314, 0
32.58974358974359, 2.3076923076923084, 0
18.46153846153846, 45.38461538461539, 0
38.53846153846154, 40.769230769230774, 0
34.82051282051282, 8.461538461538463, 0
15.487179487179487, 30.0, 2
42.256410256410255, 10.0, 0
37.05128205128205, 13.076923076923077, 2
22.923076923076923, -5.384615384615384, 0
14.743589743589745, -6.923076923076923, 0
36.30769230769231, 22.307692307692307, 29
19.94871794871795, 31.53846153846154, 0
40.02564102564102, 22.307692307692307, 31
39.282051282051285, 11.53846153846154, 2
14.743589743589745, -10.0, 0
29.615384615384617, 17.692307692307693, 26
15.487179487179487, 34.61538461538462, 0
28.871794871794872, 10.0, 4
22.17948717948718, 48.46153846153847, 0
43.0, 3.8461538461538467, 0
27.384615384615387, 39.23076923076923, 0
21.435897435897438, 37.69230769230769, 0
19.205128205128204, 45.38461538461539, 0
17.71794871794872, 13.076923076923077, 21
41.51282051282051, 23.846153846153847, 23
20.692307692307693, 14.615384615384617, 28
31.102564102564102, 31.53846153846154, 5
33.333333333333336, 34.61538461538462, 2
22.923076923076923, 19.230769230769234, 39
34.82051282051282, -5.384615384615384, 0
32.58974358974359, 25.384615384615387, 24
16.974358974358974, -2.3076923076923075, 0
18.46153846153846, 36.15384615384615, 0
28.871794871794872, 6.923076923076923, 1
34.07692307692308, 3.8461538461538467, 0
23.666666666666668, 5.384615384615385, 0
14.0, 8.461538461538463, 3
39.282051282051285, -0.7692307692307683, 0
31.846153846153847, 11.53846153846154, 3
26.641025641025642, 23.846153846153847, 23
38.53846153846154, 31.53846153846154, 20
15.487179487179487, 43.84615384615385, 0
34.07692307692308, -10.0, 0
36.30769230769231, 34.61538461538462, 1
24.41025641025641, 33.07692307692308, 1
33.333333333333336, -3.846153846153846, 0
21.435897435897438, 46.92307692307693, 0
34.82051282051282, 46.92307692307693, 0
17.71794871794872, 6.923076923076923, 5
14.743589743589745, 11.53846153846154, 22
22.923076923076923, -10.0, 0
23.666666666666668, 40.769230769230774, 0
40.02564102564102, -6.923076923076923, 0
43.0, 31.53846153846154, 14
32.58974358974359, 16.153846153846157, 11
30.358974358974358, 20.76923076923077, 34
18.46153846153846, 31.53846153846154, 0
40.02564102564102, 48.46153846153847, 0
40.769230769230774, 46.92307692307693, 0
34.07692307692308, 26.923076923076927, 27
17.71794871794872, 50.0, 0
19.205128205128204, 17.692307692307693, 18
24.41025641025641, 28.461538461538467, 7
14.743589743589745, 19.230769230769234, 18
37.794871794871796, -5.384615384615384, 0
25.153846153846153, 2.3076923076923084, 0
26.641025641025642, 30.0, 9
41.51282051282051, 28.461538461538467, 28
38.53846153846154, 22.307692307692307, 23
14.743589743589745, 31.53846153846154, 0
25.897435897435898, 3.8461538461538467, 0
15.487179487179487, 48.46153846153847, 0
36.30769230769231, -3.846153846153846, 0
24.41025641025641, 40.769230769230774, 0
35.56410256410257, -10.0, 0
20.692307692307693, 10.0, 11
28.871794871794872, 25.384615384615387, 30
40.02564102564102, 11.53846153846154, 0
30.358974358974358, 2.3076923076923084, 0
26.641025641025642, 34.61538461538462, 0
28.871794871794872, -3.846153846153846, 0
20.692307692307693, 28.461538461538467, 5
16.23076923076923, 20.76923076923077, 20
22.923076923076923, 43.84615384615385, 0
32.58974358974359, 23.846153846153847, 18
22.17948717948718, 30.0, 0
35.56410256410257, 34.61538461538462, 2
18.46153846153846, 22.307692307692307, 20
40.769230769230774, 39.23076923076923, 0
43.0, 34.61538461538462, 5
17.71794871794872, 43.84615384615385, 0
37.794871794871796, 13.076923076923077, 1
23.666666666666668, 33.07692307692308, 0
33.333333333333336, 8.461538461538463, 0
14.743589743589745, 26.923076923076927, 2
36.30769230769231, 3.8461538461538467, 0
34.07692307692308, 37.69230769230769, 0
26.641025641025642, 25.384615384615387, 13
31.102564102564102, 5.384615384615385, 0
25.897435897435898, 36.15384615384615, 1
24.41025641025641, 14.615384615384617, 25
28.128205128205128, 23.846153846153847, 22
22.17948717948718, 0.76923076923077, 0
27.384615384615387, 10.0, 6
37.794871794871796, 40.769230769230774, 0
21.435897435897438, 48.46153846153847, 0
26.641025641025642, 45.38461538461539, 0
23.666666666666668, -8.461538461538462, 0
19.94871794871795, 26.923076923076927, 4
29.615384615384617, 48.46153846153847, 0
42.256410256410255, 8.461538461538463, 0
16.23076923076923, 11.53846153846154, 24
19.205128205128204, 6.923076923076923, 3
21.435897435897438, -10.0, 0
32.58974358974359, 46.92307692307693, 0
31.846153846153847, 46.92307692307693, 0
35.56410256410257, 43.84615384615385, 0
18.46153846153846, 17.692307692307693, 28
16.23076923076923, 48.46153846153847, 0
22.923076923076923, 37.69230769230769, 0
37.05128205128205, 33.07692307692308, 13
29.615384615384617, -6.923076923076923, 0
36.30769230769231, 10.0, 1
37.794871794871796, 23.846153846153847, 21
27.384615384615387, -8.461538461538462, 0
35.56410256410257, 23.846153846153847, 37
38.53846153846154, -0.7692307692307683, 0
25.897435897435898, 33.07692307692308, 1
25.897435897435898, 13.076923076923077, 13
15.487179487179487, 6.923076923076923, 10
14.0, -10.0, 0
27.384615384615387, 3.8461538461538467, 0
14.0, 43.84615384615385, 0
34.82051282051282, -3.846153846153846, 0
21.435897435897438, 16.153846153846157, 31
33.333333333333336, -6.923076923076923, 0
20.692307692307693, 34.61538461538462, 0
16.974358974358974, 2.3076923076923084, 1
28.128205128205128, 34.61538461538462, 1
32.58974358974359, 37.69230769230769, 0
22.17948717948718, 40.769230769230774, 0
18.46153846153846, 8.461538461538463, 10
40.02564102564102, 37.69230769230769, 2
21.435897435897438, 13.076923076923077, 27
34.07692307692308, 39.23076923076923, 0
17.71794871794872, 37.69230769230769, 0
41.51282051282051, 19.230769230769234, 5
37.05128205128205, 42.307692307692314, 0
33.333333333333336, 26.923076923076927, 18
23.666666666666668, 11.53846153846154, 10
37.05128205128205, 0.76923076923077, 0
30.358974358974358, -10.0, 0
39.282051282051285, 36.15384615384615, 1
35.56410256410257, 28.461538461538467, 27
19.205128205128204, 39.23076923076923, 0
25.153846153846153, 22.307692307692307, 17
15.487179487179487, -6.923076923076923, 0
37.794871794871796, 30.0, 16
14.743589743589745, 48.46153846153847, 0
16.23076923076923, 43.84615384615385, 0
20.692307692307693, 6.923076923076923, 4
22.923076923076923, 48.46153846153847, 0
41.51282051282051, -5.384615384615384, 0
29.615384615384617, 2.3076923076923084, 0
25.897435897435898, 34.61538461538462, 0
32.58974358974359, -2.3076923076923075, 0
19.94871794871795, 20.76923076923077, 28
37.05128205128205, 28.461538461538467, 28
21.435897435897438, -8.461538461538462, 0
23.666666666666668, 36.15384615384615, 0
31.102564102564102, 28.461538461538467, 15
18.46153846153846, 3.8461538461538467, 1
34.07692307692308, 0.76923076923077, 0
21.435897435897438, 22.307692307692307, 13
19.94871794871795, -6.923076923076923, 0
43.0, 37.69230769230769, 2
17.71794871794872, 30.0, 1
43.0, 40.769230769230774, 1
16.974358974358974, -0.7692307692307683, 1
23.666666666666668, -0.7692307692307683, 0
14.0, -3.846153846153846, 0
40.02564102564102, -10.0, 0
19.205128205128204, 46.92307692307693, 0
32.58974358974359, 8.461538461538463, 0
27.384615384615387, -10.0, 0
35.56410256410257, 5.384615384615385, 0
19.94871794871795, 0.76923076923077, 0
38.53846153846154, 50.0, 0
26.641025641025642, -5.384615384615384, 0
25.153846153846153, 31.53846153846154, 0
15.487179487179487, 20.76923076923077, 14
25.153846153846153, -8.461538461538462, 0
19.205128205128204, 13.076923076923077, 28
27.384615384615387, 17.692307692307693, 35
39.282051282051285, 17.692307692307693, 4
26.641025641025642, 6.923076923076923, 1
20.692307692307693, 48.46153846153847, 0
25.153846153846153, 43.84615384615385, 0
31.846153846153847, 13.076923076923077, 8
28.128205128205128, 48.46153846153847, 0
41.51282051282051, 8.461538461538463, 0
23.666666666666668, -3.846153846153846, 0
27.384615384615387, 45.38461538461539, 0
19.205128205128204, 48.46153846153847, 0
40.02564102564102, 19.230769230769234, 7
21.435897435897438, 31.53846153846154, 0
43.0, 14.615384615384617, 0
17.71794871794872, 23.846153846153847, 12
18.46153846153846, -2.3076923076923075, 0
33.333333333333336, 20.76923076923077, 34
23.666666666666668, 25.384615384615387, 6
42.256410256410255, 31.53846153846154, 25
36.30769230769231, 39.23076923076923, 2
23.666666666666668, 19.230769230769234, 31
35.56410256410257, 10.0, 1
18.46153846153846, 46.92307692307693, 0
34.82051282051282, 13.076923076923077, 4
20.692307692307693, 43.84615384615385, 0
37.794871794871796, 0.76923076923077, 0
40.02564102564102, -8.461538461538462, 0
24.41025641025641, 11.53846153846154, 14
14.0, 2.3076923076923084, 0
27.384615384615387, 22.307692307692307, 29
39.282051282051285, 14.615384615384617, 1
29.615384615384617, 20.76923076923077, 30
15.487179487179487, 33.07692307692308, 0
41.51282051282051, 34.61538461538462, 6
19.94871794871795, 34.61538461538462, 0
40.769230769230774, 8.461538461538463, 0
40.769230769230774, 22.307692307692307, 24
31.102564102564102, 2.3076923076923084, 0
16.23076923076923, -2.3076923076923075, 0
21.435897435897438, 42.307692307692314, 0
27.384615384615387, 34.61538461538462, 0
16.23076923076923, 37.69230769230769, 0
28.871794871794872, 31.53846153846154, 4
40.02564102564102, 26.923076923076927, 24
30.358974358974358, 45.38461538461539, 0
34.07692307692308, 48.46153846153847, 0
17.71794871794872, 8.461538461538463, 10
19.94871794871795, 22.307692307692307, 22
20.692307692307693, 3.8461538461538467, 2
33.333333333333336, 45.38461538461539, 0
23.666666666666668, 22.307692307692307, 21
36.30769230769231, 46.92307692307693, 0
32.58974358974359, 6.923076923076923, 0
16.974358974358974, -5.384615384615384, 0
25.897435897435898, 11.53846153846154, 13
22.17948717948718, 33.07692307692308, 0
15.487179487179487, 26.923076923076927, 2
14.743589743589745, 5.384615384615385, 4
31.102564102564102, 16.153846153846157, 20
28.128205128205128, 16.153846153846157, 23
39.282051282051285, -8.461538461538462, 0
26.641025641025642, 8.461538461538463, 2
14.0, -6.923076923076923, 0
26.641025641025642, -0.7692307692307683, 0
37.794871794871796, -10.0, 0
34.82051282051282, 3.8461538461538467, 0
15.487179487179487, 46.92307692307693, 0
19.205128205128204, 43.84615384615385, 0
19.205128205128204, 31.53846153846154, 0
40.769230769230774, 28.461538461538467, 23
31.102564102564102, 11.53846153846154, 3
37.05128205128205, 39.23076923076923, 0
22.17948717948718, -10.0, 0
21.435897435897438, 33.07692307692308, 0
21.435897435897438, -3.846153846153846, 0
29.615384615384617, 33.07692307692308, 1
16.974358974358974, 26.923076923076927, 4
43.0, -8.461538461538462, 0
22.923076923076923, 0.76923076923077, 0
16.23076923076923, 13.076923076923077, 24
38.53846153846154, 39.23076923076923, 0
25.897435897435898, 45.38461538461539, 0
34.07692307692308, 31.53846153846154, 10
37.794871794871796, 50.0, 0
29.615384615384617, 37.69230769230769, 0
14.743589743589745, 8.461538461538463, 19
24.41025641025641, 25.384615384615387, 10
31.102564102564102, 36.15384615384615, 0
36.30769230769231, 25.384615384615387, 35
26.641025641025642, 19.230769230769234, 21
40.769230769230774, 20.76923076923077, 17
28.128205128205128, 14.615384615384617, 13
38.53846153846154, 19.230769230769234, 17
22.923076923076923, -0.7692307692307683, 0
16.974358974358974, 20.76923076923077, 16
19.94871794871795, 48.46153846153847, 0
26.641025641025642, 42.307692307692314, 0
24.41025641025641, 37.69230769230769, 0
25.153846153846153, 16.153846153846157, 19
27.384615384615387, 48.46153846153847, 0
40.02564102564102, 8.461538461538463, 1
30.358974358974358, 31.53846153846154, 5
31.846153846153847, -6.923076923076923, 0
31.846153846153847, 26.923076923076927, 30
31.102564102564102, 3.8461538461538467, 0
26.641025641025642, 39.23076923076923, 0
39.282051282051285, 0.76923076923077, 0
20.692307692307693, 17.692307692307693, 30
42.256410256410255, 2.3076923076923084, 0
16.974358974358974, 17.692307692307693, 29
37.794871794871796, 16.153846153846157, 11
32.58974358974359, 20.76923076923077, 28
31.846153846153847, 36.15384615384615, 0
35.56410256410257, 33.07692307692308, 8
31.102564102564102, -6.923076923076923, 0
34.07692307692308, 22.307692307692307, 30
33.333333333333336, 11.53846153846154, 1
14.0, 23.846153846153847, 2
36.30769230769231, 0.76923076923077, 0
40.769230769230774, 25.384615384615387, 35
14.0, 50.0, 0
25.153846153846153, -2.3076923076923075, 0
26.641025641025642, 26.923076923076927, 11
38.53846153846154, 10.0, 2
37.05128205128205, -8.461538461538462, 0
31.846153846153847, 40.769230769230774, 0
28.128205128205128, 20.76923076923077, 28
31.102564102564102, 0.76923076923077, 0
35.56410256410257, -6.923076923076923, 0
30.358974358974358, 6.923076923076923, 1
26.641025641025642, 46.92307692307693, 0
25.897435897435898, 46.92307692307693, 0
14.743589743589745, 23.846153846153847, 5
33.333333333333336, 48.46153846153847, 0
16.23076923076923, 8.461538461538463, 12
43.0, -10.0, 0
28.128205128205128, 40.769230769230774, 0
32.58974358974359, 43.84615384615385, 0
31.102564102564102, 45.38461538461539, 0
42.256410256410255, -5.384615384615384, 0
22.17948717948718, -3.846153846153846, 0
41.51282051282051, -8.461538461538462, 0
17.71794871794872, -5.384615384615384, 0
34.07692307692308, 17.692307692307693, 17
28.871794871794872, 45.38461538461539, 0
16.974358974358974, 39.23076923076923, 0
14.743589743589745, 30.0, 0
42.256410256410255, 19.230769230769234, 6
39.282051282051285, 50.0, 0
16.23076923076923, 34.61538461538462, 0
34.07692307692308, 14.615384615384617, 9
42.256410256410255, 45.38461538461539, 0
38.53846153846154, 13.076923076923077, 2
25.897435897435898, -2.3076923076923075, 0
25.897435897435898, 8.461538461538463, 3
15.487179487179487, 5.384615384615385, 1
28.128205128205128, 19.230769230769234, 35
37.794871794871796, 5.384615384615385, 0
14.743589743589745, 42.307692307692314, 0
27.384615384615387, 14.615384615384617, 22
34.82051282051282, -2.3076923076923075, 0
34.07692307692308, 45.38461538461539, 0
20.692307692307693, 39.23076923076923, 0
22.923076923076923, -3.846153846153846, 0
22.17948717948718, 5.384615384615385, 0
19.205128205128204, 10.0, 12
23.666666666666668, 23.846153846153847, 23
32.58974358974359, 34.61538461538462, 3
31.846153846153847, 42.307692307692314, 0
22.17948717948718, 8.461538461538463, 6
18.46153846153846, 13.076923076923077, 19
34.82051282051282, -10.0, 0
40.02564102564102, 34.61538461538462, 6
21.435897435897438, -0.7692307692307683, 0
34.82051282051282, 40.769230769230774, 0
37.794871794871796, 45.38461538461539, 0
29.615384615384617, -10.0, 0
33.333333333333336, 5.384615384615385, 0
23.666666666666668, 14.615384615384617, 22
37.794871794871796, -8.461538461538462, 0
28.128205128205128, -5.384615384615384, 0
31.102564102564102, -0.7692307692307683, 0
16.23076923076923, 31.53846153846154, 0
39.282051282051285, 43.84615384615385, 0
33.333333333333336, -0.7692307692307683, 0
22.923076923076923, 13.076923076923077, 17
22.923076923076923, 45.38461538461539, 0
15.487179487179487, 2.3076923076923084, 2
37.794871794871796, 17.692307692307693, 13
14.0, 45.38461538461539, 0
40.769230769230774, 0.76923076923077, 0
28.871794871794872, 20.76923076923077, 28
39.282051282051285, 31.53846153846154, 13
19.94871794871795, 46.92307692307693, 0
26.641025641025642, 48.46153846153847, 0
28.128205128205128, -8.461538461538462, 0
29.615384615384617, 5.384615384615385, 0
16.974358974358974, 6.923076923076923, 3
32.58974358974359, -5.384615384615384, 0
42.256410256410255, 6.923076923076923, 0
19.94871794871795, 19.230769230769234, 34
41.51282051282051, 2.3076923076923084, 0
31.846153846153847, 19.230769230769234, 19
20.692307692307693, -2.3076923076923075, 0
40.02564102564102, 42.307692307692314, 0
43.0, 20.76923076923077, 11
17.71794871794872, 25.384615384615387, 9
20.692307692307693, 50.0, 0
37.794871794871796, 10.0, 1
43.0, -3.846153846153846, 0
33.333333333333336, 30.0, 11
16.23076923076923, 50.0, 0
27.384615384615387, -5.384615384615384, 0
19.94871794871795, -8.461538461538462, 0
30.358974358974358, -6.923076923076923, 0
43.0, 28.461538461538467, 16
35.56410256410257, -0.7692307692307683, 0
16.974358974358974, 8.461538461538463, 14
25.897435897435898, 26.923076923076927, 8
15.487179487179487, 11.53846153846154, 25
41.51282051282051, 43.84615384615385, 1
37.794871794871796, 26.923076923076927, 25
38.53846153846154, -10.0, 0
27.384615384615387, 28.461538461538467, 6
37.05128205128205, -3.846153846153846, 0
39.282051282051285, 20.76923076923077, 19
31.102564102564102, 6.923076923076923, 1
31.102564102564102, 37.69230769230769, 0
28.128205128205128, 50.0, 0
29.615384615384617, 30.0, 5
31.102564102564102, 48.46153846153847, 0
32.58974358974359, 48.46153846153847, 0
22.923076923076923, 39.23076923076923, 0
27.384615384615387, 40.769230769230774, 0
40.02564102564102, 16.153846153846157, 3
30.358974358974358, 39.23076923076923, 0
31.102564102564102, -2.3076923076923075, 0
43.0, 13.076923076923077, 0
40.769230769230774, 48.46153846153847, 0
33.333333333333336, 23.846153846153847, 29
23.666666666666668, 28.461538461538467, 3
23.666666666666668, 39.23076923076923, 0
36.30769230769231, 36.15384615384615, 2
37.05128205128205, 20.76923076923077, 21
31.846153846153847, -3.846153846153846, 0
22.17948717948718, 31.53846153846154, 1
34.82051282051282, 14.615384615384617, 2
15.487179487179487, 16.153846153846157, 39
19.94871794871795, 8.461538461538463, 10
37.794871794871796, 3.8461538461538467, 0
30.358974358974358, -5.384615384615384, 0
22.17948717948718, -6.923076923076923, 0
24.41025641025641, -3.846153846153846, 0
14.0, 46.92307692307693, 0
26.641025641025642, 2.3076923076923084, 0
29.615384615384617, 23.846153846153847, 36
43.0, 26.923076923076927, 21
15.487179487179487, 36.15384615384615, 0
19.205128205128204, 5.384615384615385, 1
31.846153846153847, 30.0, 10
27.384615384615387, 33.07692307692308, 1
22.923076923076923, -8.461538461538462, 0
40.02564102564102, 23.846153846153847, 34
30.358974358974358, 46.92307692307693, 0
43.0, 2.3076923076923084, 0
17.71794871794872, 11.53846153846154, 25
41.51282051282051, 16.153846153846157, 1
29.615384615384617, 43.84615384615385, 0
14.0, 19.230769230769234, 12
33.333333333333336, 40.769230769230774, 0
31.846153846153847, 45.38461538461539, 0
41.51282051282051, -2.3076923076923075, 0
32.58974358974359, 3.8461538461538467, 0
22.923076923076923, 10.0, 9
35.56410256410257, 14.615384615384617, 7
34.82051282051282, 10.0, 1
28.871794871794872, 5.384615384615385, 0
28.871794871794872, 43.84615384615385, 0
15.487179487179487, 25.384615384615387, 2
14.0, 6.923076923076923, 3
42.256410256410255, 23.846153846153847, 22
36.30769230769231, 23.846153846153847, 37
39.282051282051285, 10.0, 1
16.974358974358974, 46.92307692307693, 0
31.102564102564102, 8.461538461538463, 1
26.641025641025642, 13.076923076923077, 15
29.615384615384617, 16.153846153846157, 20
25.897435897435898, -6.923076923076923, 0
25.897435897435898, 48.46153846153847, 0
15.487179487179487, 45.38461538461539, 0
16.23076923076923, 42.307692307692314, 0
28.871794871794872, 11.53846153846154, 7
37.05128205128205, 25.384615384615387, 36
31.846153846153847, 14.615384615384617, 11
33.333333333333336, -5.384615384615384, 0
40.02564102564102, 30.0, 21
21.435897435897438, 36.15384615384615, 0
34.82051282051282, 17.692307692307693, 15
29.615384615384617, 36.15384615384615, 1
16.974358974358974, 3.8461538461538467, 3
16.23076923076923, 39.23076923076923, 0
36.30769230769231, -0.7692307692307683, 0
32.58974358974359, -8.461538461538462, 0
32.58974358974359, 26.923076923076927, 16
31.846153846153847, 50.0, 0
21.435897435897438, 34.61538461538462, 0
18.46153846153846, 37.69230769230769, 0
37.05128205128205, 36.15384615384615, 2
34.07692307692308, 25.384615384615387, 26
34.82051282051282, -0.7692307692307683, 0
19.94871794871795, 14.615384615384617, 30
19.94871794871795, 39.23076923076923, 0
24.41025641025641, 22.307692307692307, 33
36.30769230769231, 30.0, 12
25.897435897435898, 22.307692307692307, 26
15.487179487179487, -5.384615384615384, 0
25.153846153846153, 3.8461538461538467, 1
26.641025641025642, 20.76923076923077, 26
38.53846153846154, -3.846153846153846, 0
38.53846153846154, 28.461538461538467, 31
14.0, 30.0, 0
31.102564102564102, 22.307692307692307, 27
15.487179487179487, 42.307692307692314, 0
28.871794871794872, 2.3076923076923084, 0
34.07692307692308, 13.076923076923077, 6
24.41025641025641, 34.61538461538462, 1
40.02564102564102, 5.384615384615385, 0
21.435897435897438, 45.38461538461539, 0
17.71794871794872, 5.384615384615385, 4
20.692307692307693, 22.307692307692307, 16
20.692307692307693, -8.461538461538462, 0
23.666666666666668, 43.84615384615385, 0
42.256410256410255, 26.923076923076927, 28
19.94871794871795, -5.384615384615384, 0
42.256410256410255, 36.15384615384615, 1
32.58974358974359, 17.692307692307693, 19
16.974358974358974, 25.384615384615387, 4
31.102564102564102, 40.769230769230774, 0
18.46153846153846, 28.461538461538467, 4
16.23076923076923, 17.692307692307693, 17
37.794871794871796, 14.615384615384617, 2
31.102564102564102, 50.0, 0
14.743589743589745, 16.153846153846157, 31
26.641025641025642, -6.923076923076923, 0
36.30769230769231, 5.384615384615385, 0
34.07692307692308, 36.15384615384615, 2
26.641025641025642, 31.53846153846154, 0
24.41025641025641, -8.461538461538462, 0
38.53846153846154, 23.846153846153847, 32
31.846153846153847, 25.384615384615387, 34
25.897435897435898, 37.69230769230769, 0
25.897435897435898, 2.3076923076923084, 0
41.51282051282051, 39.23076923076923, 2
28.128205128205128, 25.384615384615387, 25
36.30769230769231, -2.3076923076923075, 0
14.743589743589745, 0.76923076923077, 0
22.923076923076923, 3.8461538461538467, 0
28.128205128205128, 45.38461538461539, 0
30.358974358974358, 3.8461538461538467, 0
16.23076923076923, 26.923076923076927, 3
42.256410256410255, 14.615384615384617, 0
19.94871794871795, -0.7692307692307683, 0
32.58974358974359, 40.769230769230774, 0
22.923076923076923, 31.53846153846154, 1
25.153846153846153, 8.461538461538463, 4
35.56410256410257, 37.69230769230769, 0
18.46153846153846, 23.846153846153847, 8
39.282051282051285, -3.846153846153846, 0
22.923076923076923, 36.15384615384615, 0
17.71794871794872, 42.307692307692314, 0
37.794871794871796, 39.23076923076923, 1
20.692307692307693, -0.7692307692307683, 0
42.256410256410255, 50.0, 0
28.871794871794872, 19.230769230769234, 30
35.56410256410257, 17.692307692307693, 19
38.53846153846154, 14.615384615384617, 2
25.153846153846153, 11.53846153846154, 6
28.871794871794872, 16.153846153846157, 16
24.41025641025641, 48.46153846153847, 0
14.743589743589745, 39.23076923076923, 0
27.384615384615387, 13.076923076923077, 8
43.0, 36.15384615384615, 0
40.769230769230774, 17.692307692307693, 3
25.153846153846153, 25.384615384615387, 10
30.358974358974358, 10.0, 1
30.358974358974358, 36.15384615384615, 0
14.0, 0.76923076923077, 0
28.128205128205128, 37.69230769230769, 0
20.692307692307693, 36.15384615384615, 0
31.102564102564102, 43.84615384615385, 0
22.923076923076923, -2.3076923076923075, 0
28.128205128205128, 36.15384615384615, 0
41.51282051282051, 20.76923076923077, 15
22.17948717948718, 22.307692307692307, 20
18.46153846153846, -8.461538461538462, 0
35.56410256410257, 42.307692307692314, 0
18.46153846153846, 14.615384615384617, 37
21.435897435897438, 3.8461538461538467, 3
25.153846153846153, 50.0, 0
34.82051282051282, 45.38461538461539, 0
40.02564102564102, -3.846153846153846, 0
16.974358974358974, -6.923076923076923, 0
33.333333333333336, 0.76923076923077, 0
23.666666666666668, 13.076923076923077, 18
36.30769230769231, 11.53846153846154, 0
39.282051282051285, 46.92307692307693, 0
34.07692307692308, -2.3076923076923075, 0
35.56410256410257, 22.307692307692307, 30
19.205128205128204, 36.15384615384615, 0
28.128205128205128, 46.92307692307693, 0
37.794871794871796, 20.76923076923077, 14
16.23076923076923, 22.307692307692307, 13
14.743589743589745, 46.92307692307693, 0
28.128205128205128, 30.0, 3
27.384615384615387, 2.3076923076923084, 0
30.358974358974358, 13.076923076923077, 7
23.666666666666668, 31.53846153846154, 0
40.769230769230774, 3.8461538461538467, 0
29.615384615384617, 8.461538461538463, 0
25.897435897435898, -10.0, 0
16.23076923076923, 3.8461538461538467, 1
19.205128205128204, 14.615384615384617, 22
28.871794871794872, 40.769230769230774, 0
31.846153846153847, 22.307692307692307, 33
34.82051282051282, 36.15384615384615, 0
17.71794871794872, 36.15384615384615, 0
37.794871794871796, -6.923076923076923, 0
37.05128205128205, 50.0, 0
23.666666666666668, 10.0, 8
36.30769230769231, 50.0, 0
40.02564102564102, 28.461538461538467, 31
39.282051282051285, 39.23076923076923, 0
35.56410256410257, 31.53846153846154, 8
43.0, 25.384615384615387, 17
15.487179487179487, 14.615384615384617, 40
25.153846153846153, -10.0, 0
28.128205128205128, 39.23076923076923, 0
40.769230769230774, 2.3076923076923084, 0
19.94871794871795, 11.53846153846154, 17
22.923076923076923, 30.0, 1
31.102564102564102, 33.07692307692308, 2
20.692307692307693, 42.307692307692314, 0
14.0, 26.923076923076927, 0
31.102564102564102, 42.307692307692314, 0
19.205128205128204, 23.846153846153847, 10
41.51282051282051, 6.923076923076923, 0
31.846153846153847, 31.53846153846154, 4
30.358974358974358, 16.153846153846157, 13
18.46153846153846, 0.76923076923077, 0
28.128205128205128, 28.461538461538467, 13
40.02564102564102, 45.38461538461539, 0
43.0, -2.3076923076923075, 0
14.0, 16.153846153846157, 11
43.0, 8.461538461538463, 0
31.846153846153847, -5.384615384615384, 0
22.17948717948718, 50.0, 0
41.51282051282051, 50.0, 0
16.974358974358974, 37.69230769230769, 0
22.17948717948718, 46.92307692307693, 0
40.769230769230774, 34.61538461538462, 2
25.897435897435898, 30.0, 6
21.435897435897438, 0.76923076923077, 0
23.666666666666668, 20.76923076923077, 34
37.05128205128205, 6.923076923076923, 0
37.05128205128205, 2.3076923076923084, 0
24.41025641025641, 5.384615384615385, 0
27.384615384615387, 16.153846153846157, 25
39.282051282051285, 16.153846153846157, 6
36.30769230769231, -8.461538461538462, 0
29.615384615384617, 26.923076923076927, 17
35.56410256410257, -5.384615384615384, 0
25.153846153846153, 33.07692307692308, 1
25.897435897435898, 42.307692307692314, 0
40.769230769230774, 6.923076923076923, 0
19.205128205128204, 28.461538461538467, 3
24.41025641025641, -2.3076923076923075, 0
16.974358974358974, -3.846153846153846, 0
21.435897435897438, 43.84615384615385, 0
16.974358974358974, 11.53846153846154, 27
37.05128205128205, 45.38461538461539, 0
30.358974358974358, 43.84615384615385, 0
17.71794871794872, 22.307692307692307, 18
19.94871794871795, 23.846153846153847, 22
29.615384615384617, 46.92307692307693, 0
33.333333333333336, 43.84615384615385, 0
16.974358974358974, 45.38461538461539, 0
43.0, 19.230769230769234, 3
32.58974358974359, 0.76923076923077, 0
35.56410256410257, 13.076923076923077, 4
29.615384615384617, -2.3076923076923075, 0
38.53846153846154, 42.307692307692314, 0
31.102564102564102, -10.0, 0
14.743589743589745, 6.923076923076923, 13
34.07692307692308, 10.0, 0
15.487179487179487, 28.461538461538467, 0
14.0, 3.8461538461538467, 1
36.30769230769231, 20.76923076923077, 31
28.871794871794872, 23.846153846153847, 27
26.641025641025642, 14.615384615384617, 18
28.871794871794872, -5.384615384615384, 0
29.615384615384617, 19.230769230769234, 49
26.641025641025642, 3.8461538461538467, 0
34.07692307692308, 2.3076923076923084, 0
19.205128205128204, 37.69230769230769, 0
22.923076923076923, 50.0, 0
27.384615384615387, 37.69230769230769, 0
40.769230769230774, 45.38461538461539, 0
21.435897435897438, 39.23076923076923, 0
14.0, 39.23076923076923, 0
31.102564102564102, 17.692307692307693, 20
34.07692307692308, 50.0, 0
29.615384615384617, 39.23076923076923, 0
20.692307692307693, -10.0, 0
42.256410256410255, 17.692307692307693, 4
16.974358974358974, 36.15384615384615, 0
19.205128205128204, -3.846153846153846, 0
22.17948717948718, 14.615384615384617, 26
34.07692307692308, 40.769230769230774, 0
38.53846153846154, 45.38461538461539, 0
28.871794871794872, -6.923076923076923, 0
34.82051282051282, 5.384615384615385, 0
24.41025641025641, 20.76923076923077, 38
41.51282051282051, 40.769230769230774, 1
37.794871794871796, 8.461538461538463, 0
27.384615384615387, -3.846153846153846, 0
19.94871794871795, 43.84615384615385, 0
34.07692307692308, 30.0, 7
14.0, 10.0, 9
30.358974358974358, 5.384615384615385, 0
36.30769230769231, 19.230769230769234, 20
15.487179487179487, -2.3076923076923075, 0
16.23076923076923, -3.846153846153846, 0
38.53846153846154, -2.3076923076923075, 0
28.871794871794872, 13.076923076923077, 9
38.53846153846154, 25.384615384615387, 32
43.0, 16.153846153846157, 1
19.205128205128204, -10.0, 0
35.56410256410257, 0.76923076923077, 0
34.82051282051282, -8.461538461538462, 0
19.94871794871795, 42.307692307692314, 0
30.358974358974358, 33.07692307692308, 3
31.846153846153847, 10.0, 2
25.897435897435898, 17.692307692307693, 25
32.58974358974359, -6.923076923076923, 0
23.666666666666668, 3.8461538461538467, 0
31.846153846153847, 0.76923076923077, 0
17.71794871794872, 0.76923076923077, 0
20.692307692307693, 11.53846153846154, 21
37.05128205128205, 8.461538461538463, 0
33.333333333333336, 37.69230769230769, 0
23.666666666666668, 46.92307692307693, 0
17.71794871794872, -10.0, 0
31.102564102564102, 25.384615384615387, 33
37.05128205128205, 17.692307692307693, 6
32.58974358974359, 30.0, 7
18.46153846153846, 33.07692307692308, 0
38.53846153846154, 36.15384615384615, 3
34.82051282051282, 28.461538461538467, 26
19.205128205128204, 3.8461538461538467, 3
14.0, 13.076923076923077, 19
14.0, -8.461538461538462, 0
36.30769230769231, 26.923076923076927, 29
14.743589743589745, 45.38461538461539, 0
28.128205128205128, 10.0, 1
26.641025641025642, 16.153846153846157, 25
38.53846153846154, 16.153846153846157, 6
28.128205128205128, 43.84615384615385, 0
19.94871794871795, 40.769230769230774, 0
30.358974358974358, 28.461538461538467, 10
26.641025641025642, 36.15384615384615, 0
14.0, 22.307692307692307, 1
22.923076923076923, 17.692307692307693, 38
22.17948717948718, 17.692307692307693, 34
41.51282051282051, 46.92307692307693, 0
31.846153846153847, 39.23076923076923, 0
40.769230769230774, 43.84615384615385, 0
29.615384615384617, 42.307692307692314, 0
28.128205128205128, 6.923076923076923, 0
28.128205128205128, -0.7692307692307683, 0
41.51282051282051, -10.0, 0
34.82051282051282, 23.846153846153847, 24
33.333333333333336, 10.0, 0
14.743589743589745, 20.76923076923077, 12
15.487179487179487, 23.846153846153847, 10
16.23076923076923, 33.07692307692308, 0
37.794871794871796, -3.846153846153846, 0
38.53846153846154, 11.53846153846154, 1
34.82051282051282, 6.923076923076923, 0
25.153846153846153, 6.923076923076923, 2
20.692307692307693, 46.92307692307693, 0
37.794871794871796, 6.923076923076923, 0
24.41025641025641, 45.38461538461539, 0
27.384615384615387, 8.461538461538463, 4
21.435897435897438, 50.0, 0
43.0, 0.76923076923077, 0
20.692307692307693, 25.384615384615387, 12
16.23076923076923, 6.923076923076923, 11
22.17948717948718, -5.384615384615384, 0
30.358974358974358, 17.692307692307693, 36
40.02564102564102, 3.8461538461538467, 0
24.41025641025641, -6.923076923076923, 0
22.17948717948718, 19.230769230769234, 31
22.923076923076923, 11.53846153846154, 9
18.46153846153846, 19.230769230769234, 37
37.794871794871796, 33.07692307692308, 12
21.435897435897438, 6.923076923076923, 2
34.07692307692308, 46.92307692307693, 0
17.71794871794872, 46.92307692307693, 0
19.205128205128204, 19.230769230769234, 28
33.333333333333336, 3.8461538461538467, 0
14.0, 31.53846153846154, 0
36.30769230769231, 8.461538461538463, 0
28.128205128205128, -3.846153846153846, 0
39.282051282051285, 45.38461538461539, 0
38.53846153846154, -8.461538461538462, 0
25.897435897435898, -0.7692307692307683, 0
38.53846153846154, 2.3076923076923084, 0
31.102564102564102, 19.230769230769234, 25
28.128205128205128, 42.307692307692314, 0
37.05128205128205, 23.846153846153847, 42
14.743589743589745, 43.84615384615385, 0
17.71794871794872, -2.3076923076923075, 0
43.0, 39.23076923076923, 1
30.358974358974358, 14.615384615384617, 16
29.615384615384617, 11.53846153846154, 5
16.23076923076923, -0.7692307692307683, 0
42.256410256410255, 25.384615384615387, 34
19.94871794871795, 13.076923076923077, 21
34.07692307692308, 28.461538461538467, 21
22.17948717948718, 42.307692307692314, 0
35.56410256410257, 46.92307692307693, 0
18.46153846153846, 10.0, 9
14.743589743589745, 34.61538461538462, 0
43.0, 30.0, 7
17.71794871794872, 39.23076923076923, 0
22.923076923076923, 33.07692307692308, 0
37.794871794871796, 11.53846153846154, 0
19.205128205128204, -2.3076923076923075, 0
42.256410256410255, 43.84615384615385, 0
39.282051282051285, 42.307692307692314, 0
35.56410256410257, 26.923076923076927, 27
38.53846153846154, 5.384615384615385, 0
25.153846153846153, 42.307692307692314, 0
25.897435897435898, 16.153846153846157, 25
15.487179487179487, 13.076923076923077, 33
15.487179487179487, -8.461538461538462, 0
41.51282051282051, 36.15384615384615, 8
37.05128205128205, 16.153846153846157, 12
40.02564102564102, 14.615384615384617, 2
14.743589743589745, 50.0, 0
42.256410256410255, 13.076923076923077, 1
27.384615384615387, 6.923076923076923, 0
38.53846153846154, 0.76923076923077, 0
39.282051282051285, 30.0, 18
36.30769230769231, -10.0, 0
19.94871794871795, 28.461538461538467, 2
23.666666666666668, 50.0, 0
24.41025641025641, 19.230769230769234, 30
21.435897435897438, -6.923076923076923, 0
22.17948717948718, 45.38461538461539, 0
25.153846153846153, 13.076923076923077, 16
18.46153846153846, 5.384615384615385, 2
39.282051282051285, -2.3076923076923075, 0
21.435897435897438, 8.461538461538463, 6
16.974358974358974, 50.0, 0
19.205128205128204, -8.461538461538462, 0
43.0, 23.846153846153847, 12
39.282051282051285, 5.384615384615385, 0
23.666666666666668, 6.923076923076923, 3
40.02564102564102, 46.92307692307693, 0
22.17948717948718, -2.3076923076923075, 0
40.769230769230774, -10.0, 0
35.56410256410257, 3.8461538461538467, 0
26.641025641025642, -3.846153846153846, 0
25.897435897435898, 25.384615384615387, 21
15.487179487179487, 10.0, 17
25.153846153846153, -6.923076923076923, 0
37.794871794871796, 25.384615384615387, 36
24.41025641025641, 2.3076923076923084, 0
27.384615384615387, 31.53846153846154, 5
40.02564102564102, 20.76923076923077, 24
39.282051282051285, 23.846153846153847, 34
21.435897435897438, 30.0, 1
33.333333333333336, -10.0, 0
37.05128205128205, 48.46153846153847, 0
25.153846153846153, 37.69230769230769, 0
19.94871794871795, 2.3076923076923084, 0
41.51282051282051, 10.0, 0
22.17948717948718, 36.15384615384615, 0
27.384615384615387, 43.84615384615385, 0
40.02564102564102, 17.692307692307693, 10
21.435897435897438, 17.692307692307693, 30
17.71794871794872, 17.692307692307693, 30
41.51282051282051, 17.692307692307693, 8
33.333333333333336, 22.307692307692307, 32
16.974358974358974, 42.307692307692314, 0
36.30769230769231, 37.69230769230769, 3
42.256410256410255, -6.923076923076923, 0
32.58974358974359, 13.076923076923077, 2
34.07692307692308, -3.846153846153846, 0
35.56410256410257, 8.461538461538463, 0
18.46153846153846, 48.46153846153847, 0
43.0, 50.0, 0
15.487179487179487, 19.230769230769234, 18
37.794871794871796, 2.3076923076923084, 0
25.153846153846153, 26.923076923076927, 6
42.256410256410255, 22.307692307692307, 19
27.384615384615387, 20.76923076923077, 31
16.23076923076923, 45.38461538461539, 0
37.05128205128205, -0.7692307692307683, 0
29.615384615384617, 22.307692307692307, 23
25.897435897435898, -5.384615384615384, 0
25.153846153846153, 46.92307692307693, 0
15.487179487179487, 39.23076923076923, 0
28.128205128205128, 13.076923076923077, 13
37.05128205128205, 26.923076923076927, 32
31.846153846153847, -0.7692307692307683, 0
21.435897435897438, 26.923076923076927, 7
34.82051282051282, 50.0, 0
17.71794871794872, 10.0, 20
34.07692307692308, 8.461538461538463, 0
18.46153846153846, -5.384615384615384, 0
16.23076923076923, 2.3076923076923084, 2
16.974358974358974, 33.07692307692308, 0
41.51282051282051, -3.846153846153846, 0
17.71794871794872, -8.461538461538462, 0
32.58974358974359, -0.7692307692307683, 0
40.769230769230774, 31.53846153846154, 13
22.17948717948718, 11.53846153846154, 9
18.46153846153846, 43.84615384615385, 0
38.53846153846154, 46.92307692307693, 0
34.07692307692308, 6.923076923076923, 0
37.05128205128205, 11.53846153846154, 2
24.41025641025641, 16.153846153846157, 24
36.30769230769231, 16.153846153846157, 9
15.487179487179487, -3.846153846153846, 0
26.641025641025642, 10.0, 7
38.53846153846154, -5.384615384615384, 0
41.51282051282051, 30.0, 22
38.53846153846154, 26.923076923076927, 30
14.743589743589745, 25.384615384615387, 3
22.923076923076923, 40.769230769230774, 0
40.02564102564102, 0.76923076923077, 0
28.871794871794872, 39.23076923076923, 0
19.205128205128204, 50.0, 0
40.02564102564102, 31.53846153846154, 25
30.358974358974358, 22.307692307692307, 44
17.71794871794872, 3.8461538461538467, 0
20.692307692307693, 8.461538461538463, 8
23.666666666666668, 45.38461538461539, 0
36.30769230769231, 43.84615384615385, 0
22.923076923076923, 2.3076923076923084, 0
18.46153846153846, 34.61538461538462, 0
40.769230769230774, 37.69230769230769, 1
38.53846153846154, 33.07692307692308, 10
28.128205128205128, -10.0, 0
24.41025641025641, 23.846153846153847, 23
14.0, 14.615384615384617, 12
36.30769230769231, 31.53846153846154, 9
39.282051282051285, 2.3076923076923084, 0
34.82051282051282, 39.23076923076923, 2
28.128205128205128, 3.8461538461538467, 0
40.769230769230774, 10.0, 0
14.743589743589745, 3.8461538461538467, 1
22.17948717948718, 2.3076923076923084, 4
37.794871794871796, 42.307692307692314, 0
30.358974358974358, 25.384615384615387, 23
20.692307692307693, 23.846153846153847, 13
23.666666666666668, 42.307692307692314, 0
22.923076923076923, 5.384615384615385, 1
42.256410256410255, 39.23076923076923, 1
41.51282051282051, 11.53846153846154, 0
31.846153846153847, -8.461538461538462, 0
40.02564102564102, 50.0, 0
22.17948717948718, 39.23076923076923, 0
17.71794871794872, 48.46153846153847, 0
24.41025641025641, 30.0, 2
14.743589743589745, 17.692307692307693, 18
36.30769230769231, 6.923076923076923, 1
31.846153846153847, 23.846153846153847, 30
26.641025641025642, 28.461538461538467, 5
28.871794871794872, -10.0, 0
38.53846153846154, 20.76923076923077, 22
37.05128205128205, -6.923076923076923, 0
15.487179487179487, 50.0, 0
42.256410256410255, -0.7692307692307683, 0
28.128205128205128, 26.923076923076927, 18
35.56410256410257, 50.0, 0
16.23076923076923, 19.230769230769234, 26
35.56410256410257, -8.461538461538462, 0
40.769230769230774, 16.153846153846157, 4
40.02564102564102, 13.076923076923077, 2
30.358974358974358, 0.76923076923077, 0
20.692307692307693, 30.0, 2
33.333333333333336, 50.0, 0
16.974358974358974, 22.307692307692307, 12
19.94871794871795, 3.8461538461538467, 0
31.102564102564102, -5.384615384615384, 0
22.923076923076923, 28.461538461538467, 2
42.256410256410255, -3.846153846153846, 0
35.56410256410257, 36.15384615384615, 1
18.46153846153846, 20.76923076923077, 19
41.51282051282051, -6.923076923076923, 0
34.82051282051282, 19.230769230769234, 21
41.51282051282051, 45.38461538461539, 0
14.743589743589745, 14.615384615384617, 24
33.333333333333336, 14.615384615384617, 5
22.17948717948718, 25.384615384615387, 10
36.30769230769231, 13.076923076923077, 6
42.256410256410255, -2.3076923076923075, 0
39.282051282051285, 48.46153846153847, 0
40.769230769230774, -8.461538461538462, 0
35.56410256410257, 16.153846153846157, 9
28.128205128205128, 8.461538461538463, 4
25.897435897435898, 10.0, 5
15.487179487179487, -10.0, 0
28.128205128205128, 17.692307692307693, 30
37.05128205128205, -10.0, 0
14.0, 36.15384615384615, 0
42.256410256410255, 42.307692307692314, 0
30.358974358974358, 11.53846153846154, 5
31.102564102564102, 13.076923076923077, 7
26.641025641025642, 43.84615384615385, 0
23.666666666666668, -6.923076923076923, 0
20.692307692307693, 37.69230769230769, 0
16.974358974358974, 13.076923076923077, 31
19.205128205128204, 8.461538461538463, 10
37.05128205128205, 30.0, 19
16.23076923076923, 0.76923076923077, 0
22.923076923076923, 23.846153846153847, 15
35.56410256410257, 45.38461538461539, 0
21.435897435897438, 2.3076923076923084, 0
34.82051282051282, 20.76923076923077, 27
17.71794871794872, 34.61538461538462, 0
40.02564102564102, -2.3076923076923075, 0
29.615384615384617, -8.461538461538462, 0
16.23076923076923, 14.615384615384617, 27
24.41025641025641, 42.307692307692314, 0
14.0, 48.46153846153847, 0
27.384615384615387, -6.923076923076923, 0
35.56410256410257, 25.384615384615387, 25
38.53846153846154, 6.923076923076923, 0
25.153846153846153, 19.230769230769234, 27
15.487179487179487, -0.7692307692307683, 0
37.05128205128205, 19.230769230769234, 11
43.0, 6.923076923076923, 0
27.384615384615387, 5.384615384615385, 0
34.07692307692308, -5.384615384615384, 0
26.641025641025642, 50.0, 0
41.51282051282051, 26.923076923076927, 34
33.333333333333336, -8.461538461538462, 0
31.846153846153847, 43.84615384615385, 0
19.94871794871795, 17.692307692307693, 31
19.205128205128204, 0.76923076923077, 0
40.769230769230774, -3.846153846153846, 0
32.58974358974359, 39.23076923076923, 1
22.923076923076923, 46.92307692307693, 0
18.46153846153846, 6.923076923076923, 4
28.871794871794872, 3.8461538461538467, 0
40.02564102564102, 39.23076923076923, 1
21.435897435897438, 11.53846153846154, 13
34.82051282051282, 37.69230769230769, 1
37.05128205128205, 40.769230769230774, 0
25.153846153846153, 0.76923076923077, 0
19.94871794871795, 10.0, 9
42.256410256410255, 37.69230769230769, 4
16.974358974358974, 48.46153846153847, 0
23.666666666666668, 17.692307692307693, 26
21.435897435897438, -2.3076923076923075, 0
35.56410256410257, 30.0, 20
40.769230769230774, 33.07692307692308, 8
26.641025641025642, -2.3076923076923075, 0
25.153846153846153, 20.76923076923077, 28
37.794871794871796, 28.461538461538467, 26
37.05128205128205, 3.8461538461538467, 0
14.743589743589745, -3.846153846153846, 0
27.384615384615387, 26.923076923076927, 17
39.282051282051285, 26.923076923076927, 21
34.07692307692308, 43.84615384615385, 0
29.615384615384617, -0.7692307692307683, 0
25.153846153846153, 34.61538461538462, 3
24.41025641025641, 8.461538461538463, 2
19.205128205128204, 22.307692307692307, 16
40.02564102564102, 6.923076923076923, 0
41.51282051282051, 5.384615384615385, 0
31.102564102564102, 30.0, 7
22.923076923076923, 14.615384615384617, 26
20.692307692307693, -5.384615384615384, 0
37.05128205128205, 46.92307692307693, 0
21.435897435897438, 20.76923076923077, 33
43.0, 11.53846153846154, 0
17.71794871794872, 28.461538461538467, 1
19.205128205128204, 20.76923076923077, 18
33.333333333333336, 17.692307692307693, 11
23.666666666666668, 2.3076923076923084, 0
25.897435897435898, 20.76923076923077, 33
32.58974358974359, 10.0, 0
25.897435897435898, 5.384615384615385, 1
38.53846153846154, 48.46153846153847, 0
31.846153846153847, 28.461538461538467, 17
15.487179487179487, 22.307692307692307, 6
39.282051282051285, 13.076923076923077, 0
19.94871794871795, 6.923076923076923, 2
37.05128205128205, 5.384615384615385, 0
24.41025641025641, 6.923076923076923, 2
24.41025641025641, -5.384615384615384, 0
27.384615384615387, 19.230769230769234, 26
28.128205128205128, 22.307692307692307, 39
39.282051282051285, 19.230769230769234, 17
28.128205128205128, -6.923076923076923, 0
29.615384615384617, 25.384615384615387, 25
34.07692307692308, 5.384615384615385, 0
28.871794871794872, 50.0, 0
41.51282051282051, 14.615384615384617, 1
16.974358974358974, 31.53846153846154, 0
22.923076923076923, -6.923076923076923, 0
30.358974358974358, 40.769230769230774, 0
43.0, -0.7692307692307683, 0
29.615384615384617, 45.38461538461539, 0
33.333333333333336, 42.307692307692314, 0
16.23076923076923, 46.92307692307693, 0
36.30769230769231, 33.07692307692308, 9
19.205128205128204, -6.923076923076923, 0
19.205128205128204, -0.7692307692307683, 0
42.256410256410255, 48.46153846153847, 0
29.615384615384617, -3.846153846153846, 0
38.53846153846154, 43.84615384615385, 0
34.07692307692308, 11.53846153846154, 0
15.487179487179487, 31.53846153846154, 0
37.05128205128205, 14.615384615384617, 2
14.743589743589745, 10.0, 12
24.41025641025641, 13.076923076923077, 12
14.743589743589745, -0.7692307692307683, 0
34.82051282051282, 22.307692307692307, 38
39.282051282051285, 8.461538461538463, 0
19.205128205128204, 33.07692307692308, 0
25.897435897435898, 50.0, 0
19.94871794871795, 36.15384615384615, 0
33.333333333333336, 19.230769230769234, 28
27.384615384615387, 36.15384615384615, 1
15.487179487179487, 3.8461538461538467, 1
30.358974358974358, 19.230769230769234, 23
31.102564102564102, -8.461538461538462, 0
17.71794871794872, 14.615384615384617, 29
39.282051282051285, 6.923076923076923, 0
16.974358974358974, 30.0, 0
40.769230769230774, 50.0, 0
20.692307692307693, 13.076923076923077, 28
42.256410256410255, 30.0, 24
23.666666666666668, 16.153846153846157, 34
36.30769230769231, 40.769230769230774, 0
31.846153846153847, 48.46153846153847, 0
34.82051282051282, 31.53846153846154, 8
33.333333333333336, 25.384615384615387, 26
18.46153846153846, 39.23076923076923, 0
31.846153846153847, -10.0, 0
38.53846153846154, 34.61538461538462, 7
16.974358974358974, 16.153846153846157, 23
42.256410256410255, 0.76923076923077, 0
34.82051282051282, 2.3076923076923084, 0
16.23076923076923, 10.0, 14
14.0, 11.53846153846154, 14
14.0, -5.384615384615384, 0
36.30769230769231, 28.461538461538467, 16
40.769230769230774, 23.846153846153847, 38
39.282051282051285, -6.923076923076923, 0
26.641025641025642, 22.307692307692307, 26
40.769230769230774, -6.923076923076923, 0
14.743589743589745, -8.461538461538462, 0
38.53846153846154, 30.0, 21
15.487179487179487, 40.769230769230774, 0
28.871794871794872, -0.7692307692307683, 0
33.333333333333336, -2.3076923076923075, 0
29.615384615384617, 0.76923076923077, 0
30.358974358974358, 26.923076923076927, 27
14.0, 33.07692307692308, 0
21.435897435897438, -5.384615384615384, 0
41.51282051282051, 22.307692307692307, 20
20.692307692307693, 20.76923076923077, 21
20.692307692307693, 5.384615384615385, 2
14.0, 17.692307692307693, 8
33.333333333333336, 36.15384615384615, 1
16.974358974358974, 28.461538461538467, 2
39.282051282051285, 28.461538461538467, 21
43.0, -6.923076923076923, 0
32.58974358974359, 31.53846153846154, 7
22.923076923076923, 6.923076923076923, 0
18.46153846153846, 30.0, 1
19.205128205128204, 42.307692307692314, 0
38.53846153846154, 37.69230769230769, 1
43.0, 42.307692307692314, 0
37.794871794871796, 48.46153846153847, 0
25.897435897435898, 31.53846153846154, 3
22.923076923076923, 16.153846153846157, 35
25.153846153846153, -5.384615384615384, 0
31.102564102564102, 10.0, 0
26.641025641025642, 17.692307692307693, 26
24.41025641025641, -10.0, 0
38.53846153846154, 17.692307692307693, 10
25.897435897435898, -8.461538461538462, 0
21.435897435897438, 5.384615384615385, 0
20.692307692307693, 45.38461538461539, 0
19.94871794871795, 50.0, 0
24.41025641025641, 39.23076923076923, 0
27.384615384615387, 50.0, 0
40.02564102564102, 10.0, 0
21.435897435897438, 40.769230769230774, 0
26.641025641025642, 37.69230769230769, 0
42.256410256410255, 28.461538461538467, 28
20.692307692307693, 19.230769230769234, 23
16.974358974358974, 5.384615384615385, 10
16.974358974358974, 19.230769230769234, 19
40.769230769230774, -5.384615384615384, 0
19.94871794871795, -2.3076923076923075, 0
40.02564102564102, 2.3076923076923084, 0
32.58974358974359, 22.307692307692307, 33
22.923076923076923, 25.384615384615387, 11
16.974358974358974, -8.461538461538462, 0
22.17948717948718, 23.846153846153847, 18
18.46153846153846, 25.384615384615387, 6
37.05128205128205, 34.61538461538462, 4
34.07692307692308, 20.76923076923077, 33
30.358974358974358, -3.846153846153846, 0
31.846153846153847, 33.07692307692308, 3
19.94871794871795, 16.153846153846157, 31
36.30769230769231, 2.3076923076923084, 0
29.615384615384617, -5.384615384615384, 0
17.71794871794872, -0.7692307692307683, 0
33.333333333333336, 2.3076923076923084, 0
16.974358974358974, 0.76923076923077, 0
38.53846153846154, 8.461538461538463, 0
14.743589743589745, 28.461538461538467, 0
25.153846153846153, 5.384615384615385, 2
28.871794871794872, 22.307692307692307, 34
36.30769230769231, -5.384615384615384, 0
42.256410256410255, 46.92307692307693, 0
24.41025641025641, 46.92307692307693, 0
14.743589743589745, 33.07692307692308, 0
27.384615384615387, 11.53846153846154, 5
22.17948717948718, 37.69230769230769, 0
28.871794871794872, 26.923076923076927, 8
22.17948717948718, 6.923076923076923, 1
28.128205128205128, -2.3076923076923075, 0
41.51282051282051, 48.46153846153847, 0
20.692307692307693, 26.923076923076927, 4
25.897435897435898, -3.846153846153846, 0
42.256410256410255, 11.53846153846154, 0
16.974358974358974, 10.0, 14
16.23076923076923, 28.461538461538467, 3
28.871794871794872, 42.307692307692314, 0
32.58974358974359, 45.38461538461539, 0
22.17948717948718, 16.153846153846157, 33
18.46153846153846, -6.923076923076923, 0
35.56410256410257, 40.769230769230774, 0
18.46153846153846, 16.153846153846157, 33
19.94871794871795, 33.07692307692308, 0
40.769230769230774, 40.769230769230774, 0
30.358974358974358, 48.46153846153847, 0
19.205128205128204, 40.769230769230774, 0
17.71794871794872, 45.38461538461539, 0
40.02564102564102, -5.384615384615384, 0
16.23076923076923, -8.461538461538462, 0
37.794871794871796, 34.61538461538462, 9
34.82051282051282, -6.923076923076923, 0
14.0, 28.461538461538467, 0
37.05128205128205, -2.3076923076923075, 0
28.871794871794872, -2.3076923076923075, 0
34.07692307692308, 34.61538461538462, 3
35.56410256410257, 20.76923076923077, 22
38.53846153846154, 3.8461538461538467, 0
25.897435897435898, 43.84615384615385, 0
25.153846153846153, 14.615384615384617, 15
41.51282051282051, 37.69230769230769, 5
37.794871794871796, 22.307692307692307, 21
40.769230769230774, 13.076923076923077, 3
38.53846153846154, -6.923076923076923, 0
14.0, 40.769230769230774, 0
30.358974358974358, -0.7692307692307683, 0
27.384615384615387, 0.76923076923077, 0
23.666666666666668, -10.0, 0
28.871794871794872, 48.46153846153847, 0
20.692307692307693, 33.07692307692308, 0
28.128205128205128, 33.07692307692308, 1
43.0, 48.46153846153847, 0
32.58974358974359, 36.15384615384615, 1
31.846153846153847, 20.76923076923077, 24
25.897435897435898, 14.615384615384617, 18
42.256410256410255, 34.61538461538462, 11
18.46153846153846, 11.53846153846154, 17
40.02564102564102, 36.15384615384615, 6
21.435897435897438, 14.615384615384617, 28
40.769230769230774, -0.7692307692307683, 0
22.17948717948718, -0.7692307692307683, 0
31.846153846153847, 5.384615384615385, 0
37.05128205128205, 43.84615384615385, 0
23.666666666666668, 8.461538461538463, 2
36.30769230769231, 48.46153846153847, 0
37.05128205128205, 22.307692307692307, 26
39.282051282051285, 37.69230769230769, 0
22.17948717948718, 10.0, 10
31.846153846153847, 17.692307692307693, 27
25.153846153846153, 23.846153846153847, 20
43.0, 5.384615384615385, 0
37.794871794871796, 31.53846153846154, 9
14.743589743589745, -2.3076923076923075, 0
27.384615384615387, 25.384615384615387, 21
34.82051282051282, 0.76923076923077, 0
40.769230769230774, 19.230769230769234, 10
14.743589743589745, 40.769230769230774, 0
30.358974358974358, 42.307692307692314, 0
20.692307692307693, 40.769230769230774, 0
32.58974358974359, -3.846153846153846, 0
28.871794871794872, 46.92307692307693, 0
27.384615384615387, -0.7692307692307683, 0
41.51282051282051, -0.7692307692307683, 0
22.17948717948718, 34.61538461538462, 0
16.974358974358974, 23.846153846153847, 7
18.46153846153846, 2.3076923076923084, 1
34.82051282051282, 11.53846153846154, 1
30.358974358974358, 34.61538461538462, 1
25.153846153846153, 48.46153846153847, 0
34.07692307692308, 33.07692307692308, 8
24.41025641025641, 26.923076923076927, 3
16.974358974358974, -10.0, 0
18.46153846153846, 50.0, 0
23.666666666666668, 37.69230769230769, 0
14.743589743589745, 13.076923076923077, 32
33.333333333333336, 28.461538461538467, 9
22.17948717948718, 28.461538461538467, 6
30.358974358974358, -8.461538461538462, 0
39.282051282051285, 34.61538461538462, 5
35.56410256410257, 2.3076923076923084, 0
28.128205128205128, 11.53846153846154, 5
24.41025641025641, 3.8461538461538467, 0
27.384615384615387, 30.0, 4
37.05128205128205, -5.384615384615384, 0
39.282051282051285, 22.307692307692307, 22
25.153846153846153, 17.692307692307693, 32
31.102564102564102, 14.615384615384617, 12
29.615384615384617, 28.461538461538467, 9
25.153846153846153, 36.15384615384615, 0
29.615384615384617, 10.0, 0
19.205128205128204, 26.923076923076927, 1
32.58974358974359, 50.0, 0
31.102564102564102, 26.923076923076927, 17
27.384615384615387, 42.307692307692314, 0
43.0, 22.307692307692307, 6
30.358974358974358, 37.69230769230769, 0
31.846153846153847, -2.3076923076923075, 0
34.07692307692308, 19.230769230769234, 16
17.71794871794872, 16.153846153846157, 28
42.256410256410255, 40.769230769230774, 0
16.974358974358974, 43.84615384615385, 0
24.41025641025641, 0.76923076923077, 0
40.769230769230774, 30.0, 25
28.871794871794872, 34.61538461538462, 2
32.58974358974359, 14.615384615384617, 10
35.56410256410257, 11.53846153846154, 1
28.871794871794872, 33.07692307692308, 1
43.0, 43.84615384615385, 0
24.41025641025641, 10.0, 3
27.384615384615387, 23.846153846153847, 21
22.923076923076923, 26.923076923076927, 7
26.641025641025642, 0.76923076923077, 0
41.51282051282051, 31.53846153846154, 17
35.56410256410257, -2.3076923076923075, 0
25.153846153846153, 45.38461538461539, 0
28.871794871794872, 14.615384615384617, 18
28.128205128205128, 0.76923076923077, 0
31.846153846153847, 3.8461538461538467, 0
34.82051282051282, 16.153846153846157, 11
37.794871794871796, 36.15384615384615, 1
28.871794871794872, 30.0, 13
40.02564102564102, 25.384615384615387, 34
21.435897435897438, 25.384615384615387, 5
23.666666666666668, -5.384615384615384, 0
20.692307692307693, 2.3076923076923084, 0
33.333333333333336, 46.92307692307693, 0
16.974358974358974, 34.61538461538462, 0
33.333333333333336, 33.07692307692308, 3
36.30769230769231, 45.38461538461539, 0
32.58974358974359, 5.384615384615385, 0
22.923076923076923, 8.461538461538463, 4
35.56410256410257, 48.46153846153847, 0
18.46153846153846, 40.769230769230774, 0
40.769230769230774, 36.15384615384615, 2
31.102564102564102, -3.846153846153846, 0
28.871794871794872, -8.461538461538462, 0
19.94871794871795, 37.69230769230769, 0
14.0, -2.3076923076923075, 0
37.05128205128205, 10.0, 1
37.794871794871796, -0.7692307692307683, 0
36.30769230769231, 42.307692307692314, 0
24.41025641025641, 17.692307692307693, 34
26.641025641025642, -10.0, 0
36.30769230769231, 17.692307692307693, 13
18.46153846153846, 42.307692307692314, 0
43.0, 17.692307692307693, 5
26.641025641025642, 11.53846153846154, 9
25.897435897435898, 39.23076923076923, 0
25.153846153846153, 30.0, 5
34.07692307692308, -6.923076923076923, 0
28.128205128205128, 5.384615384615385, 1
14.743589743589745, 2.3076923076923084, 0
31.846153846153847, 8.461538461538463, 0
22.17948717948718, 13.076923076923077, 22
37.794871794871796, 43.84615384615385, 0
30.358974358974358, 23.846153846153847, 38
20.692307692307693, 0.76923076923077, 0
34.07692307692308, -8.461538461538462, 0
17.71794871794872, 2.3076923076923084, 2
14.0, 37.69230769230769, 0
19.94871794871795, 25.384615384615387, 4
29.615384615384617, 34.61538461538462, 1
33.333333333333336, 39.23076923076923, 0
16.23076923076923, 25.384615384615387, 3
31.102564102564102, 46.92307692307693, 0
32.58974358974359, 28.461538461538467, 19
22.17948717948718, 3.8461538461538467, 1
25.153846153846153, 10.0, 5
22.923076923076923, 22.307692307692307, 18
34.82051282051282, 30.0, 13
22.17948717948718, 26.923076923076927, 11
16.23076923076923, 36.15384615384615, 0
19.94871794871795, 45.38461538461539, 0
14.0, -0.7692307692307683, 0
28.871794871794872, 17.692307692307693, 20
39.282051282051285, -10.0, 0
22.923076923076923, 20.76923076923077, 30
34.07692307692308, -0.7692307692307683, 0
42.256410256410255, 3.8461538461538467, 0
28.871794871794872, 28.461538461538467, 11
24.41025641025641, 36.15384615384615, 0
22.923076923076923, 42.307692307692314, 0
43.0, 33.07692307692308, 4
14.743589743589745, 36.15384615384615, 0
40.769230769230774, 11.53846153846154, 0
20.692307692307693, 16.153846153846157, 24
22.17948717948718, -8.461538461538462, 0
42.256410256410255, 5.384615384615385, 0
16.23076923076923, 16.153846153846157, 29
27.384615384615387, -2.3076923076923075, 0
19.94871794871795, -3.846153846153846, 0
32.58974358974359, 19.230769230769234, 25
31.846153846153847, 37.69230769230769, 1
43.0, 46.92307692307693, 0
18.46153846153846, 26.923076923076927, 2
25.897435897435898, 23.846153846153847, 18
40.769230769230774, 42.307692307692314, 0
17.71794871794872, 19.230769230769234, 30
34.82051282051282, 25.384615384615387, 36
30.358974358974358, -2.3076923076923075, 0
24.41025641025641, 31.53846153846154, 2
14.743589743589745, 22.307692307692307, 11
16.23076923076923, 23.846153846153847, 9
26.641025641025642, -8.461538461538462, 0
19.205128205128204, 34.61538461538462, 0
25.897435897435898, 0.76923076923077, 0
25.153846153846153, -0.7692307692307683, 0
16.23076923076923, -5.384615384615384, 0
23.666666666666668, 48.46153846153847, 0
24.41025641025641, 43.84615384615385, 0
14.0, 34.61538461538462, 0
14.0, 42.307692307692314, 0
32.58974358974359, -10.0, 0
16.23076923076923, 40.769230769230774, 0
41.51282051282051, 33.07692307692308, 14
31.846153846153847, 2.3076923076923084, 0
26.641025641025642, 33.07692307692308, 0
39.282051282051285, 3.8461538461538467, 0
20.692307692307693, 31.53846153846154, 0
31.102564102564102, 20.76923076923077, 24
23.666666666666668, 34.61538461538462, 0
29.615384615384617, 14.615384615384617, 26
19.205128205128204, 2.3076923076923084, 1
37.05128205128205, 31.53846153846154, 12
32.58974358974359, 42.307692307692314, 0
31.846153846153847, 34.61538461538462, 4
35.56410256410257, 39.23076923076923, 1
34.07692307692308, 16.153846153846157, 8
17.71794871794872, 40.769230769230774, 0
37.794871794871796, 37.69230769230769, 2
33.333333333333336, 13.076923076923077, 9
14.0, 25.384615384615387, 2
16.23076923076923, -6.923076923076923, 0
28.128205128205128, 31.53846153846154, 2
36.30769230769231, 14.615384615384617, 5
40.769230769230774, 26.923076923076927, 22
35.56410256410257, 19.230769230769234, 11
22.17948717948718, 43.84615384615385, 0
30.358974358974358, 30.0, 7
28.871794871794872, 37.69230769230769, 0
24.41025641025641, 50.0, 0
14.743589743589745, 37.69230769230769, 0
34.82051282051282, 48.46153846153847, 0
30.358974358974358, 50.0, 0
30.358974358974358, 8.461538461538463, 0
26.641025641025642, 40.769230769230774, 0
40.02564102564102, -0.7692307692307683, 0
29.615384615384617, 13.076923076923077, 9
14.0, 20.76923076923077, 6
16.974358974358974, 14.615384615384617, 21
40.769230769230774, 14.615384615384617, 2
39.282051282051285, 25.384615384615387, 45
19.205128205128204, 11.53846153846154, 14
32.58974358974359, 33.07692307692308, 6
22.17948717948718, 20.76923076923077, 32
18.46153846153846, -10.0, 0
29.615384615384617, 40.769230769230774, 0
28.128205128205128, 2.3076923076923084, 0
40.02564102564102, 33.07692307692308, 11
17.71794871794872, -3.846153846153846, 0
34.82051282051282, 43.84615384615385, 0
17.71794871794872, 33.07692307692308, 0
37.794871794871796, 46.92307692307693, 0
33.333333333333336, 6.923076923076923, 0
25.897435897435898, 28.461538461538467, 8
42.256410256410255, 16.153846153846157, 4
39.282051282051285, 40.769230769230774, 0
25.153846153846153, -3.846153846153846, 0
39.282051282051285, -5.384615384615384, 0
29.615384615384617, 3.8461538461538467, 0
28.871794871794872, 36.15384615384615, 0
14.743589743589745, -5.384615384615384, 0
37.05128205128205, 37.69230769230769, 1
18.46153846153846, -0.7692307692307683, 0
31.102564102564102, 39.23076923076923, 0
34.07692307692308, 42.307692307692314, 0
29.615384615384617, 6.923076923076923, 0
16.23076923076923, 5.384615384615385, 5
40.769230769230774, -2.3076923076923075, 0
19.205128205128204, 16.153846153846157, 38
40.769230769230774, 5.384615384615385, 0
41.51282051282051, 3.8461538461538467, 0
31.846153846153847, 16.153846153846157, 18
34.82051282051282, 26.923076923076927, 36
20.692307692307693, -3.846153846153846, 0
40.02564102564102, 40.769230769230774, 0
21.435897435897438, 10.0, 11
43.0, -5.384615384615384, 0
19.94871794871795, -10.0, 0
34.82051282051282, 34.61538461538462, 1
17.71794871794872, 26.923076923076927, 4
42.256410256410255, -10.0, 0
33.333333333333336, 31.53846153846154, 13
28.871794871794872, 8.461538461538463, 0
39.282051282051285, 33.07692307692308, 10
25.897435897435898, 6.923076923076923, 2
41.51282051282051, 0.76923076923077, 0
22.923076923076923, 34.61538461538462, 1
15.487179487179487, 8.461538461538463, 17
20.692307692307693, -6.923076923076923, 0
24.41025641025641, -0.7692307692307683, 0
37.794871794871796, -2.3076923076923075, 0
34.07692307692308, 23.846153846153847, 32
29.615384615384617, 31.53846153846154, 5
23.666666666666668, 0.76923076923077, 0
25.153846153846153, 39.23076923076923, 0
19.94871794871795, 5.384615384615385, 0
19.205128205128204, 25.384615384615387, 11
16.23076923076923, 30.0, 0
40.02564102564102, 43.84615384615385, 0
21.435897435897438, 19.230769230769234, 35
43.0, 10.0, 0
21.435897435897438, 23.846153846153847, 8
41.51282051282051, 25.384615384615387, 30
33.333333333333336, 16.153846153846157, 15
16.974358974358974, 40.769230769230774, 0
19.205128205128204, -5.384615384615384, 0
32.58974358974359, 11.53846153846154, 3
34.82051282051282, 33.07692307692308, 3
35.56410256410257, 6.923076923076923, 0
28.871794871794872, 0.76923076923077, 0
17.71794871794872, 31.53846153846154, 0
25.897435897435898, 40.769230769230774, 0
25.153846153846153, 28.461538461538467, 4
15.487179487179487, 17.692307692307693, 27
41.51282051282051, 42.307692307692314, 1
14.0, 5.384615384615385, 4
16.23076923076923, -10.0, 0
23.666666666666668, 30.0, 3
36.30769230769231, -6.923076923076923, 0
26.641025641025642, 5.384615384615385, 0
19.94871794871795, 30.0, 1
35.56410256410257, -3.846153846153846, 0
25.153846153846153, 40.769230769230774, 0
15.487179487179487, 37.69230769230769, 0
19.205128205128204, 30.0, 2
